ratio,match_count,ransac_inliers,inlier_ratio
0.6,51,51,1.0
0.75,55,53,0.9636363636363636
0.9,61,53,0.8688524590163934
